{
    "model": "qwen2.5:1.5b",
    "dataset": "D:\\research\\A-mem-ollma\\A-mem\\data/locomo10.json",
    "total_questions": 1986,
    "category_distribution": {
      "2": 321,
      "3": 96,
      "1": 282,
      "4": 841,
      "5": 446
    },
    "aggregate_metrics": {
      "overall": {
        "exact_match": {
          "mean": 0.16163141993957703,
          "std": 0.36820506429158834,
          "median": 0.0,
          "min": 0,
          "max": 1,
          "count": 1986
        },
        "f1": {
          "mean": 0.3290572536855731,
          "std": 0.3757560252454569,
          "median": 0.18181818181818182,
          "min": 0.0,
          "max": 1.0,
          "count": 1986
        },
        "rouge1_f": {
          "mean": 0.34153655061536886,
          "std": 0.3753330182469563,
          "median": 0.21525096525096524,
          "min": 0.0,
          "max": 1.0,
          "count": 1986
        },
        "rouge2_f": {
          "mean": 0.18670504715905012,
          "std": 0.3455147102678503,
          "median": 0.0,
          "min": 0.0,
          "max": 1.0,
          "count": 1986
        },
        "rougeL_f": {
          "mean": 0.33469753743308794,
          "std": 0.37455445897077544,
          "median": 0.1904761904761905,
          "min": 0.0,
          "max": 1.0,
          "count": 1986
        },
        "bleu1": {
          "mean": 0.2743622954021131,
          "std": 0.3653961105113118,
          "median": 0.08986579282344431,
          "min": 0,
          "max": 1.0,
          "count": 1986
        },
        "bleu2": {
          "mean": 0.20206797704647794,
          "std": 0.32519762695741816,
          "median": 0.028775278567031985,
          "min": 0,
          "max": 1.0,
          "count": 1986
        },
        "bleu3": {
          "mean": 0.16122837023230763,
          "std": 0.2870469111684688,
          "median": 0.020427282860665447,
          "min": 0,
          "max": 1.0,
          "count": 1986
        },
        "bleu4": {
          "mean": 0.13147489110649777,
          "std": 0.2496357006930366,
          "median": 0.016185662876867617,
          "min": 0,
          "max": 1.0,
          "count": 1986
        },
        "bert_precision": {
          "mean": 0.9052895681383628,
          "std": 0.0665021003526496,
          "median": 0.8939506411552429,
          "min": 0.0,
          "max": 1.000000238418579,
          "count": 1985
        },
        "bert_recall": {
          "mean": 0.900060121929015,
          "std": 0.06937614479622,
          "median": 0.8909922242164612,
          "min": 0.0,
          "max": 1.000000238418579,
          "count": 1985
        },
        "bert_f1": {
          "mean": 0.9019560830410633,
          "std": 0.06936997086030565,
          "median": 0.8906096518039703,
          "min": 0.0,
          "max": 1.000000238418579,
          "count": 1986
        },
        "meteor": {
          "mean": 0.2559450028583678,
          "std": 0.33983098520854416,
          "median": 0.09090909090909091,
          "min": 0.0,
          "max": 0.9998177842565598,
          "count": 1986
        },
        "sbert_similarity": {

          "mean": 0.522741524193601,
          "std": 0.3244324670505804,
          "median": 0.5088258385658264,
          "min": -0.0958837941288948,
          "max": 1.000000238418579,
          "count": 1986
        }
    }
}
}